{"cameraMode":{"drawMode":0,"name":"Shaded","section":"Shading Mode"},"sceneLighting":true,"audioPlay":false,"sceneViewState":{"showFog":true,"showMaterialUpdate":false,"showSkybox":false,"showFlares":true,"showImageEffects":true,"showParticleSystems":true},"in2DMode":false,"pivot":{"x":-0.13500022888183595,"y":0.06499958038330078,"z":4.690000057220459},"rotation":{"x":-0.15454982221126557,"y":-0.8453516960144043,"z":0.3687317967414856,"w":-0.35431718826293948},"size":30.019990921020509,"orthographic":false}